{
  "data": [
    {
      "code": "1101",
      "name": "KABUPATEN SIMEULUE"
    },
    {
      "code": "1102",
      "name": "KABUPATEN ACEH SINGKIL"
    },
    {
      "code": "1103",
      "name": "KABUPATEN ACEH SELATAN"
    },
    {
      "code": "1104",
      "name": "KABUPATEN ACEH TENGGARA"
    },
    {
      "code": "1105",
      "name": "KABUPATEN ACEH TIMUR"
    },
    {
      "code": "1106",
      "name": "KABUPATEN ACEH TENGAH"
    },
    {
      "code": "1107",
      "name": "KABUPATEN ACEH BARAT"
    },
    {
      "code": "1108",
      "name": "KABUPATEN ACEH BESAR"
    },
    {
      "code": "1109",
      "name": "KABUPATEN PIDIE"
    },
    {
      "code": "1110",
      "name": "KABUPATEN BIREUEN"
    },
    {
      "code": "1111",
      "name": "KABUPATEN ACEH UTARA"
    },
    {
      "code": "1112",
      "name": "KABUPATEN ACEH BARAT DAYA"
    },
    {
      "code": "1113",
      "name": "KABUPATEN GAYO LUES"
    },
    {
      "code": "1114",
      "name": "KABUPATEN ACEH TAMIANG"
    },
    {
      "code": "1115",
      "name": "KABUPATEN NAGAN RAYA"
    },
    {
      "code": "1116",
      "name": "KABUPATEN ACEH JAYA"
    },
    {
      "code": "1117",
      "name": "KABUPATEN BENER MERIAH"
    },
    {
      "code": "1118",
      "name": "KABUPATEN PIDIE JAYA"
    },
    {
      "code": "1171",
      "name": "KOTA BANDA ACEH"
    },
    {
      "code": "1172",
      "name": "KOTA SABANG"
    },
    {
      "code": "1173",
      "name": "KOTA LANGSA"
    },
    {
      "code": "1174",
      "name": "KOTA LHOKSEUMAWE"
    },
    {
      "code": "1175",
      "name": "KOTA SUBULUSSALAM"
    },
    {
      "code": "1201",
      "name": "KABUPATEN NIAS"
    },
    {
      "code": "1202",
      "name": "KABUPATEN MANDAILING NATAL"
    },
    {
      "code": "1203",
      "name": "KABUPATEN TAPANULI SELATAN"
    },
    {
      "code": "1204",
      "name": "KABUPATEN TAPANULI TENGAH"
    },
    {
      "code": "1205",
      "name": "KABUPATEN TAPANULI UTARA"
    },
    {
      "code": "1206",
      "name": "KABUPATEN TOBA SAMOSIR"
    },
    {
      "code": "1207",
      "name": "KABUPATEN LABUHAN BATU"
    },
    {
      "code": "1208",
      "name": "KABUPATEN ASAHAN"
    },
    {
      "code": "1209",
      "name": "KABUPATEN SIMALUNGUN"
    },
    {
      "code": "1210",
      "name": "KABUPATEN DAIRI"
    },
    {
      "code": "1211",
      "name": "KABUPATEN KARO"
    },
    {
      "code": "1212",
      "name": "KABUPATEN DELI SERDANG"
    },
    {
      "code": "1213",
      "name": "KABUPATEN LANGKAT"
    },
    {
      "code": "1214",
      "name": "KABUPATEN NIAS SELATAN"
    },
    {
      "code": "1215",
      "name": "KABUPATEN HUMBANG HASUNDUTAN"
    },
    {
      "code": "1216",
      "name": "KABUPATEN PAKPAK BHARAT"
    },
    {
      "code": "1217",
      "name": "KABUPATEN SAMOSIR"
    },
    {
      "code": "1218",
      "name": "KABUPATEN SERDANG BEDAGAI"
    },
    {
      "code": "1219",
      "name": "KABUPATEN BATU BARA"
    },
    {
      "code": "1220",
      "name": "KABUPATEN PADANG LAWAS UTARA"
    },
    {
      "code": "1221",
      "name": "KABUPATEN PADANG LAWAS"
    },
    {
      "code": "1222",
      "name": "KABUPATEN LABUHAN BATU SELATAN"
    },
    {
      "code": "1223",
      "name": "KABUPATEN LABUHAN BATU UTARA"
    },
    {
      "code": "1224",
      "name": "KABUPATEN NIAS UTARA"
    },
    {
      "code": "1225",
      "name": "KABUPATEN NIAS BARAT"
    },
    {
      "code": "1271",
      "name": "KOTA SIBOLGA"
    },
    {
      "code": "1272",
      "name": "KOTA TANJUNG BALAI"
    },
    {
      "code": "1273",
      "name": "KOTA PEMATANG SIANTAR"
    },
    {
      "code": "1274",
      "name": "KOTA TEBING TINGGI"
    },
    {
      "code": "1275",
      "name": "KOTA MEDAN"
    },
    {
      "code": "1276",
      "name": "KOTA BINJAI"
    },
    {
      "code": "1277",
      "name": "KOTA PADANGSIDIMPUAN"
    },
    {
      "code": "1278",
      "name": "KOTA GUNUNGSITOLI"
    },
    {
      "code": "1301",
      "name": "KABUPATEN KEPULAUAN MENTAWAI"
    },
    {
      "code": "1302",
      "name": "KABUPATEN PESISIR SELATAN"
    },
    {
      "code": "1303",
      "name": "KABUPATEN SOLOK"
    },
    {
      "code": "1304",
      "name": "KABUPATEN SIJUNJUNG"
    },
    {
      "code": "1305",
      "name": "KABUPATEN TANAH DATAR"
    },
    {
      "code": "1306",
      "name": "KABUPATEN PADANG PARIAMAN"
    },
    {
      "code": "1307",
      "name": "KABUPATEN AGAM"
    },
    {
      "code": "1308",
      "name": "KABUPATEN LIMA PULUH KOTA"
    },
    {
      "code": "1309",
      "name": "KABUPATEN PASAMAN"
    },
    {
      "code": "1310",
      "name": "KABUPATEN SOLOK SELATAN"
    },
    {
      "code": "1311",
      "name": "KABUPATEN DHARMASRAYA"
    },
    {
      "code": "1312",
      "name": "KABUPATEN PASAMAN BARAT"
    },
    {
      "code": "1371",
      "name": "KOTA PADANG"
    },
    {
      "code": "1372",
      "name": "KOTA SOLOK"
    },
    {
      "code": "1373",
      "name": "KOTA SAWAH LUNTO"
    },
    {
      "code": "1374",
      "name": "KOTA PADANG PANJANG"
    },
    {
      "code": "1375",
      "name": "KOTA BUKITTINGGI"
    },
    {
      "code": "1376",
      "name": "KOTA PAYAKUMBUH"
    },
    {
      "code": "1377",
      "name": "KOTA PARIAMAN"
    },
    {
      "code": "1401",
      "name": "KABUPATEN KUANTAN SINGINGI"
    },
    {
      "code": "1402",
      "name": "KABUPATEN INDRAGIRI HULU"
    },
    {
      "code": "1403",
      "name": "KABUPATEN INDRAGIRI HILIR"
    },
    {
      "code": "1404",
      "name": "KABUPATEN PELALAWAN"
    },
    {
      "code": "1405",
      "name": "KABUPATEN S I A K"
    },
    {
      "code": "1406",
      "name": "KABUPATEN KAMPAR"
    },
    {
      "code": "1407",
      "name": "KABUPATEN ROKAN HULU"
    },
    {
      "code": "1408",
      "name": "KABUPATEN BENGKALIS"
    },
    {
      "code": "1409",
      "name": "KABUPATEN ROKAN HILIR"
    },
    {
      "code": "1410",
      "name": "KABUPATEN KEPULAUAN MERANTI"
    },
    {
      "code": "1471",
      "name": "KOTA PEKANBARU"
    },
    {
      "code": "1473",
      "name": "KOTA D U M A I"
    },
    {
      "code": "1501",
      "name": "KABUPATEN KERINCI"
    },
    {
      "code": "1502",
      "name": "KABUPATEN MERANGIN"
    },
    {
      "code": "1503",
      "name": "KABUPATEN SAROLANGUN"
    },
    {
      "code": "1504",
      "name": "KABUPATEN BATANG HARI"
    },
    {
      "code": "1505",
      "name": "KABUPATEN MUARO JAMBI"
    },
    {
      "code": "1506",
      "name": "KABUPATEN TANJUNG JABUNG TIMUR"
    },
    {
      "code": "1507",
      "name": "KABUPATEN TANJUNG JABUNG BARAT"
    },
    {
      "code": "1508",
      "name": "KABUPATEN TEBO"
    },
    {
      "code": "1509",
      "name": "KABUPATEN BUNGO"
    },
    {
      "code": "1571",
      "name": "KOTA JAMBI"
    },
    {
      "code": "1572",
      "name": "KOTA SUNGAI PENUH"
    },
    {
      "code": "1601",
      "name": "KABUPATEN OGAN KOMERING ULU"
    },
    {
      "code": "1602",
      "name": "KABUPATEN OGAN KOMERING ILIR"
    },
    {
      "code": "1603",
      "name": "KABUPATEN MUARA ENIM"
    },
    {
      "code": "1604",
      "name": "KABUPATEN LAHAT"
    },
    {
      "code": "1605",
      "name": "KABUPATEN MUSI RAWAS"
    },
    {
      "code": "1606",
      "name": "KABUPATEN MUSI BANYUASIN"
    },
    {
      "code": "1607",
      "name": "KABUPATEN BANYU ASIN"
    },
    {
      "code": "1608",
      "name": "KABUPATEN OGAN KOMERING ULU SELATAN"
    },
    {
      "code": "1609",
      "name": "KABUPATEN OGAN KOMERING ULU TIMUR"
    },
    {
      "code": "1610",
      "name": "KABUPATEN OGAN ILIR"
    },
    {
      "code": "1611",
      "name": "KABUPATEN EMPAT LAWANG"
    },
    {
      "code": "1612",
      "name": "KABUPATEN PENUKAL ABAB LEMATANG ILIR"
    },
    {
      "code": "1613",
      "name": "KABUPATEN MUSI RAWAS UTARA"
    },
    {
      "code": "1671",
      "name": "KOTA PALEMBANG"
    },
    {
      "code": "1672",
      "name": "KOTA PRABUMULIH"
    },
    {
      "code": "1673",
      "name": "KOTA PAGAR ALAM"
    },
    {
      "code": "1674",
      "name": "KOTA LUBUKLINGGAU"
    },
    {
      "code": "1701",
      "name": "KABUPATEN BENGKULU SELATAN"
    },
    {
      "code": "1702",
      "name": "KABUPATEN REJANG LEBONG"
    },
    {
      "code": "1703",
      "name": "KABUPATEN BENGKULU UTARA"
    },
    {
      "code": "1704",
      "name": "KABUPATEN KAUR"
    },
    {
      "code": "1705",
      "name": "KABUPATEN SELUMA"
    },
    {
      "code": "1706",
      "name": "KABUPATEN MUKOMUKO"
    },
    {
      "code": "1707",
      "name": "KABUPATEN LEBONG"
    },
    {
      "code": "1708",
      "name": "KABUPATEN KEPAHIANG"
    },
    {
      "code": "1709",
      "name": "KABUPATEN BENGKULU TENGAH"
    },
    {
      "code": "1771",
      "name": "KOTA BENGKULU"
    },
    {
      "code": "1801",
      "name": "KABUPATEN LAMPUNG BARAT"
    },
    {
      "code": "1802",
      "name": "KABUPATEN TANGGAMUS"
    },
    {
      "code": "1803",
      "name": "KABUPATEN LAMPUNG SELATAN"
    },
    {
      "code": "1804",
      "name": "KABUPATEN LAMPUNG TIMUR"
    },
    {
      "code": "1805",
      "name": "KABUPATEN LAMPUNG TENGAH"
    },
    {
      "code": "1806",
      "name": "KABUPATEN LAMPUNG UTARA"
    },
    {
      "code": "1807",
      "name": "KABUPATEN WAY KANAN"
    },
    {
      "code": "1808",
      "name": "KABUPATEN TULANGBAWANG"
    },
    {
      "code": "1809",
      "name": "KABUPATEN PESAWARAN"
    },
    {
      "code": "1810",
      "name": "KABUPATEN PRINGSEWU"
    },
    {
      "code": "1811",
      "name": "KABUPATEN MESUJI"
    },
    {
      "code": "1812",
      "name": "KABUPATEN TULANG BAWANG BARAT"
    },
    {
      "code": "1813",
      "name": "KABUPATEN PESISIR BARAT"
    },
    {
      "code": "1871",
      "name": "KOTA BANDAR LAMPUNG"
    },
    {
      "code": "1872",
      "name": "KOTA METRO"
    },
    {
      "code": "1901",
      "name": "KABUPATEN BANGKA"
    },
    {
      "code": "1902",
      "name": "KABUPATEN BELITUNG"
    },
    {
      "code": "1903",
      "name": "KABUPATEN BANGKA BARAT"
    },
    {
      "code": "1904",
      "name": "KABUPATEN BANGKA TENGAH"
    },
    {
      "code": "1905",
      "name": "KABUPATEN BANGKA SELATAN"
    },
    {
      "code": "1906",
      "name": "KABUPATEN BELITUNG TIMUR"
    },
    {
      "code": "1971",
      "name": "KOTA PANGKAL PINANG"
    },
    {
      "code": "2101",
      "name": "KABUPATEN KARIMUN"
    },
    {
      "code": "2102",
      "name": "KABUPATEN BINTAN"
    },
    {
      "code": "2103",
      "name": "KABUPATEN NATUNA"
    },
    {
      "code": "2104",
      "name": "KABUPATEN LINGGA"
    },
    {
      "code": "2105",
      "name": "KABUPATEN KEPULAUAN ANAMBAS"
    },
    {
      "code": "2171",
      "name": "KOTA B A T A M"
    },
    {
      "code": "2172",
      "name": "KOTA TANJUNG PINANG"
    },
    {
      "code": "3101",
      "name": "KABUPATEN KEPULAUAN SERIBU"
    },
    {
      "code": "3171",
      "name": "KOTA JAKARTA SELATAN"
    },
    {
      "code": "3172",
      "name": "KOTA JAKARTA TIMUR"
    },
    {
      "code": "3173",
      "name": "KOTA JAKARTA PUSAT"
    },
    {
      "code": "3174",
      "name": "KOTA JAKARTA BARAT"
    },
    {
      "code": "3175",
      "name": "KOTA JAKARTA UTARA"
    },
    {
      "code": "3201",
      "name": "KABUPATEN BOGOR"
    },
    {
      "code": "3202",
      "name": "KABUPATEN SUKABUMI"
    },
    {
      "code": "3203",
      "name": "KABUPATEN CIANJUR"
    },
    {
      "code": "3204",
      "name": "KABUPATEN BANDUNG"
    },
    {
      "code": "3205",
      "name": "KABUPATEN GARUT"
    },
    {
      "code": "3206",
      "name": "KABUPATEN TASIKMALAYA"
    },
    {
      "code": "3207",
      "name": "KABUPATEN CIAMIS"
    },
    {
      "code": "3208",
      "name": "KABUPATEN KUNINGAN"
    },
    {
      "code": "3209",
      "name": "KABUPATEN CIREBON"
    },
    {
      "code": "3210",
      "name": "KABUPATEN MAJALENGKA"
    },
    {
      "code": "3211",
      "name": "KABUPATEN SUMEDANG"
    },
    {
      "code": "3212",
      "name": "KABUPATEN INDRAMAYU"
    },
    {
      "code": "3213",
      "name": "KABUPATEN SUBANG"
    },
    {
      "code": "3214",
      "name": "KABUPATEN PURWAKARTA"
    },
    {
      "code": "3215",
      "name": "KABUPATEN KARAWANG"
    },
    {
      "code": "3216",
      "name": "KABUPATEN BEKASI"
    },
    {
      "code": "3217",
      "name": "KABUPATEN BANDUNG BARAT"
    },
    {
      "code": "3218",
      "name": "KABUPATEN PANGANDARAN"
    },
    {
      "code": "3271",
      "name": "KOTA BOGOR"
    },
    {
      "code": "3272",
      "name": "KOTA SUKABUMI"
    },
    {
      "code": "3273",
      "name": "KOTA BANDUNG"
    },
    {
      "code": "3274",
      "name": "KOTA CIREBON"
    },
    {
      "code": "3275",
      "name": "KOTA BEKASI"
    },
    {
      "code": "3276",
      "name": "KOTA DEPOK"
    },
    {
      "code": "3277",
      "name": "KOTA CIMAHI"
    },
    {
      "code": "3278",
      "name": "KOTA TASIKMALAYA"
    },
    {
      "code": "3279",
      "name": "KOTA BANJAR"
    },
    {
      "code": "3301",
      "name": "KABUPATEN CILACAP"
    },
    {
      "code": "3302",
      "name": "KABUPATEN BANYUMAS"
    },
    {
      "code": "3303",
      "name": "KABUPATEN PURBALINGGA"
    },
    {
      "code": "3304",
      "name": "KABUPATEN BANJARNEGARA"
    },
    {
      "code": "3305",
      "name": "KABUPATEN KEBUMEN"
    },
    {
      "code": "3306",
      "name": "KABUPATEN PURWOREJO"
    },
    {
      "code": "3307",
      "name": "KABUPATEN WONOSOBO"
    },
    {
      "code": "3308",
      "name": "KABUPATEN MAGELANG"
    },
    {
      "code": "3309",
      "name": "KABUPATEN BOYOLALI"
    },
    {
      "code": "3310",
      "name": "KABUPATEN KLATEN"
    },
    {
      "code": "3311",
      "name": "KABUPATEN SUKOHARJO"
    },
    {
      "code": "3312",
      "name": "KABUPATEN WONOGIRI"
    },
    {
      "code": "3313",
      "name": "KABUPATEN KARANGANYAR"
    },
    {
      "code": "3314",
      "name": "KABUPATEN SRAGEN"
    },
    {
      "code": "3315",
      "name": "KABUPATEN GROBOGAN"
    },
    {
      "code": "3316",
      "name": "KABUPATEN BLORA"
    },
    {
      "code": "3317",
      "name": "KABUPATEN REMBANG"
    },
    {
      "code": "3318",
      "name": "KABUPATEN PATI"
    },
    {
      "code": "3319",
      "name": "KABUPATEN KUDUS"
    },
    {
      "code": "3320",
      "name": "KABUPATEN JEPARA"
    },
    {
      "code": "3321",
      "name": "KABUPATEN DEMAK"
    },
    {
      "code": "3322",
      "name": "KABUPATEN SEMARANG"
    },
    {
      "code": "3323",
      "name": "KABUPATEN TEMANGGUNG"
    },
    {
      "code": "3324",
      "name": "KABUPATEN KENDAL"
    },
    {
      "code": "3325",
      "name": "KABUPATEN BATANG"
    },
    {
      "code": "3326",
      "name": "KABUPATEN PEKALONGAN"
    },
    {
      "code": "3327",
      "name": "KABUPATEN PEMALANG"
    },
    {
      "code": "3328",
      "name": "KABUPATEN TEGAL"
    },
    {
      "code": "3329",
      "name": "KABUPATEN BREBES"
    },
    {
      "code": "3371",
      "name": "KOTA MAGELANG"
    },
    {
      "code": "3372",
      "name": "KOTA SURAKARTA"
    },
    {
      "code": "3373",
      "name": "KOTA SALATIGA"
    },
    {
      "code": "3374",
      "name": "KOTA SEMARANG"
    },
    {
      "code": "3375",
      "name": "KOTA PEKALONGAN"
    },
    {
      "code": "3376",
      "name": "KOTA TEGAL"
    },
    {
      "code": "3401",
      "name": "KABUPATEN KULON PROGO"
    },
    {
      "code": "3402",
      "name": "KABUPATEN BANTUL"
    },
    {
      "code": "3403",
      "name": "KABUPATEN GUNUNG KIDUL"
    },
    {
      "code": "3404",
      "name": "KABUPATEN SLEMAN"
    },
    {
      "code": "3471",
      "name": "KOTA YOGYAKARTA"
    },
    {
      "code": "3501",
      "name": "KABUPATEN PACITAN"
    },
    {
      "code": "3502",
      "name": "KABUPATEN PONOROGO"
    },
    {
      "code": "3503",
      "name": "KABUPATEN TRENGGALEK"
    },
    {
      "code": "3504",
      "name": "KABUPATEN TULUNGAGUNG"
    },
    {
      "code": "3505",
      "name": "KABUPATEN BLITAR"
    },
    {
      "code": "3506",
      "name": "KABUPATEN KEDIRI"
    },
    {
      "code": "3507",
      "name": "KABUPATEN MALANG"
    },
    {
      "code": "3508",
      "name": "KABUPATEN LUMAJANG"
    },
    {
      "code": "3509",
      "name": "KABUPATEN JEMBER"
    },
    {
      "code": "3510",
      "name": "KABUPATEN BANYUWANGI"
    },
    {
      "code": "3511",
      "name": "KABUPATEN BONDOWOSO"
    },
    {
      "code": "3512",
      "name": "KABUPATEN SITUBONDO"
    },
    {
      "code": "3513",
      "name": "KABUPATEN PROBOLINGGO"
    },
    {
      "code": "3514",
      "name": "KABUPATEN PASURUAN"
    },
    {
      "code": "3515",
      "name": "KABUPATEN SIDOARJO"
    },
    {
      "code": "3516",
      "name": "KABUPATEN MOJOKERTO"
    },
    {
      "code": "3517",
      "name": "KABUPATEN JOMBANG"
    },
    {
      "code": "3518",
      "name": "KABUPATEN NGANJUK"
    },
    {
      "code": "3519",
      "name": "KABUPATEN MADIUN"
    },
    {
      "code": "3520",
      "name": "KABUPATEN MAGETAN"
    },
    {
      "code": "3521",
      "name": "KABUPATEN NGAWI"
    },
    {
      "code": "3522",
      "name": "KABUPATEN BOJONEGORO"
    },
    {
      "code": "3523",
      "name": "KABUPATEN TUBAN"
    },
    {
      "code": "3524",
      "name": "KABUPATEN LAMONGAN"
    },
    {
      "code": "3525",
      "name": "KABUPATEN GRESIK"
    },
    {
      "code": "3526",
      "name": "KABUPATEN BANGKALAN"
    },
    {
      "code": "3527",
      "name": "KABUPATEN SAMPANG"
    },
    {
      "code": "3528",
      "name": "KABUPATEN PAMEKASAN"
    },
    {
      "code": "3529",
      "name": "KABUPATEN SUMENEP"
    },
    {
      "code": "3571",
      "name": "KOTA KEDIRI"
    },
    {
      "code": "3572",
      "name": "KOTA BLITAR"
    },
    {
      "code": "3573",
      "name": "KOTA MALANG"
    },
    {
      "code": "3574",
      "name": "KOTA PROBOLINGGO"
    },
    {
      "code": "3575",
      "name": "KOTA PASURUAN"
    },
    {
      "code": "3576",
      "name": "KOTA MOJOKERTO"
    },
    {
      "code": "3577",
      "name": "KOTA MADIUN"
    },
    {
      "code": "3578",
      "name": "KOTA SURABAYA"
    },
    {
      "code": "3579",
      "name": "KOTA BATU"
    },
    {
      "code": "3601",
      "name": "KABUPATEN PANDEGLANG"
    },
    {
      "code": "3602",
      "name": "KABUPATEN LEBAK"
    },
    {
      "code": "3603",
      "name": "KABUPATEN TANGERANG"
    },
    {
      "code": "3604",
      "name": "KABUPATEN SERANG"
    },
    {
      "code": "3671",
      "name": "KOTA TANGERANG"
    },
    {
      "code": "3672",
      "name": "KOTA CILEGON"
    },
    {
      "code": "3673",
      "name": "KOTA SERANG"
    },
    {
      "code": "3674",
      "name": "KOTA TANGERANG SELATAN"
    },
    {
      "code": "5101",
      "name": "KABUPATEN JEMBRANA"
    },
    {
      "code": "5102",
      "name": "KABUPATEN TABANAN"
    },
    {
      "code": "5103",
      "name": "KABUPATEN BADUNG"
    },
    {
      "code": "5104",
      "name": "KABUPATEN GIANYAR"
    },
    {
      "code": "5105",
      "name": "KABUPATEN KLUNGKUNG"
    },
    {
      "code": "5106",
      "name": "KABUPATEN BANGLI"
    },
    {
      "code": "5107",
      "name": "KABUPATEN KARANG ASEM"
    },
    {
      "code": "5108",
      "name": "KABUPATEN BULELENG"
    },
    {
      "code": "5171",
      "name": "KOTA DENPASAR"
    },
    {
      "code": "5201",
      "name": "KABUPATEN LOMBOK BARAT"
    },
    {
      "code": "5202",
      "name": "KABUPATEN LOMBOK TENGAH"
    },
    {
      "code": "5203",
      "name": "KABUPATEN LOMBOK TIMUR"
    },
    {
      "code": "5204",
      "name": "KABUPATEN SUMBAWA"
    },
    {
      "code": "5205",
      "name": "KABUPATEN DOMPU"
    },
    {
      "code": "5206",
      "name": "KABUPATEN BIMA"
    },
    {
      "code": "5207",
      "name": "KABUPATEN SUMBAWA BARAT"
    },
    {
      "code": "5208",
      "name": "KABUPATEN LOMBOK UTARA"
    },
    {
      "code": "5271",
      "name": "KOTA MATARAM"
    },
    {
      "code": "5272",
      "name": "KOTA BIMA"
    },
    {
      "code": "5301",
      "name": "KABUPATEN SUMBA BARAT"
    },
    {
      "code": "5302",
      "name": "KABUPATEN SUMBA TIMUR"
    },
    {
      "code": "5303",
      "name": "KABUPATEN KUPANG"
    },
    {
      "code": "5304",
      "name": "KABUPATEN TIMOR TENGAH SELATAN"
    },
    {
      "code": "5305",
      "name": "KABUPATEN TIMOR TENGAH UTARA"
    },
    {
      "code": "5306",
      "name": "KABUPATEN BELU"
    },
    {
      "code": "5307",
      "name": "KABUPATEN ALOR"
    },
    {
      "code": "5308",
      "name": "KABUPATEN LEMBATA"
    },
    {
      "code": "5309",
      "name": "KABUPATEN FLORES TIMUR"
    },
    {
      "code": "5310",
      "name": "KABUPATEN SIKKA"
    },
    {
      "code": "5311",
      "name": "KABUPATEN ENDE"
    },
    {
      "code": "5312",
      "name": "KABUPATEN NGADA"
    },
    {
      "code": "5313",
      "name": "KABUPATEN MANGGARAI"
    },
    {
      "code": "5314",
      "name": "KABUPATEN ROTE NDAO"
    },
    {
      "code": "5315",
      "name": "KABUPATEN MANGGARAI BARAT"
    },
    {
      "code": "5316",
      "name": "KABUPATEN SUMBA TENGAH"
    },
    {
      "code": "5317",
      "name": "KABUPATEN SUMBA BARAT DAYA"
    },
    {
      "code": "5318",
      "name": "KABUPATEN NAGEKEO"
    },
    {
      "code": "5319",
      "name": "KABUPATEN MANGGARAI TIMUR"
    },
    {
      "code": "5320",
      "name": "KABUPATEN SABU RAIJUA"
    },
    {
      "code": "5321",
      "name": "KABUPATEN MALAKA"
    },
    {
      "code": "5371",
      "name": "KOTA KUPANG"
    },
    {
      "code": "6101",
      "name": "KABUPATEN SAMBAS"
    },
    {
      "code": "6102",
      "name": "KABUPATEN BENGKAYANG"
    },
    {
      "code": "6103",
      "name": "KABUPATEN LANDAK"
    },
    {
      "code": "6104",
      "name": "KABUPATEN MEMPAWAH"
    },
    {
      "code": "6105",
      "name": "KABUPATEN SANGGAU"
    },
    {
      "code": "6106",
      "name": "KABUPATEN KETAPANG"
    },
    {
      "code": "6107",
      "name": "KABUPATEN SINTANG"
    },
    {
      "code": "6108",
      "name": "KABUPATEN KAPUAS HULU"
    },
    {
      "code": "6109",
      "name": "KABUPATEN SEKADAU"
    },
    {
      "code": "6110",
      "name": "KABUPATEN MELAWI"
    },
    {
      "code": "6111",
      "name": "KABUPATEN KAYONG UTARA"
    },
    {
      "code": "6112",
      "name": "KABUPATEN KUBU RAYA"
    },
    {
      "code": "6171",
      "name": "KOTA PONTIANAK"
    },
    {
      "code": "6172",
      "name": "KOTA SINGKAWANG"
    },
    {
      "code": "6201",
      "name": "KABUPATEN KOTAWARINGIN BARAT"
    },
    {
      "code": "6202",
      "name": "KABUPATEN KOTAWARINGIN TIMUR"
    },
    {
      "code": "6203",
      "name": "KABUPATEN KAPUAS"
    },
    {
      "code": "6204",
      "name": "KABUPATEN BARITO SELATAN"
    },
    {
      "code": "6205",
      "name": "KABUPATEN BARITO UTARA"
    },
    {
      "code": "6206",
      "name": "KABUPATEN SUKAMARA"
    },
    {
      "code": "6207",
      "name": "KABUPATEN LAMANDAU"
    },
    {
      "code": "6208",
      "name": "KABUPATEN SERUYAN"
    },
    {
      "code": "6209",
      "name": "KABUPATEN KATINGAN"
    },
    {
      "code": "6210",
      "name": "KABUPATEN PULANG PISAU"
    },
    {
      "code": "6211",
      "name": "KABUPATEN GUNUNG MAS"
    },
    {
      "code": "6212",
      "name": "KABUPATEN BARITO TIMUR"
    },
    {
      "code": "6213",
      "name": "KABUPATEN MURUNG RAYA"
    },
    {
      "code": "6271",
      "name": "KOTA PALANGKA RAYA"
    },
    {
      "code": "6301",
      "name": "KABUPATEN TANAH LAUT"
    },
    {
      "code": "6302",
      "name": "KABUPATEN KOTA BARU"
    },
    {
      "code": "6303",
      "name": "KABUPATEN BANJAR"
    },
    {
      "code": "6304",
      "name": "KABUPATEN BARITO KUALA"
    },
    {
      "code": "6305",
      "name": "KABUPATEN TAPIN"
    },
    {
      "code": "6306",
      "name": "KABUPATEN HULU SUNGAI SELATAN"
    },
    {
      "code": "6307",
      "name": "KABUPATEN HULU SUNGAI TENGAH"
    },
    {
      "code": "6308",
      "name": "KABUPATEN HULU SUNGAI UTARA"
    },
    {
      "code": "6309",
      "name": "KABUPATEN TABALONG"
    },
    {
      "code": "6310",
      "name": "KABUPATEN TANAH BUMBU"
    },
    {
      "code": "6311",
      "name": "KABUPATEN BALANGAN"
    },
    {
      "code": "6371",
      "name": "KOTA BANJARMASIN"
    },
    {
      "code": "6372",
      "name": "KOTA BANJAR BARU"
    },
    {
      "code": "6401",
      "name": "KABUPATEN PASER"
    },
    {
      "code": "6402",
      "name": "KABUPATEN KUTAI BARAT"
    },
    {
      "code": "6403",
      "name": "KABUPATEN KUTAI KARTANEGARA"
    },
    {
      "code": "6404",
      "name": "KABUPATEN KUTAI TIMUR"
    },
    {
      "code": "6405",
      "name": "KABUPATEN BERAU"
    },
    {
      "code": "6409",
      "name": "KABUPATEN PENAJAM PASER UTARA"
    },
    {
      "code": "6411",
      "name": "KABUPATEN MAHAKAM HULU"
    },
    {
      "code": "6471",
      "name": "KOTA BALIKPAPAN"
    },
    {
      "code": "6472",
      "name": "KOTA SAMARINDA"
    },
    {
      "code": "6474",
      "name": "KOTA BONTANG"
    },
    {
      "code": "6501",
      "name": "KABUPATEN MALINAU"
    },
    {
      "code": "6502",
      "name": "KABUPATEN BULUNGAN"
    },
    {
      "code": "6503",
      "name": "KABUPATEN TANA TIDUNG"
    },
    {
      "code": "6504",
      "name": "KABUPATEN NUNUKAN"
    },
    {
      "code": "6571",
      "name": "KOTA TARAKAN"
    },
    {
      "code": "7101",
      "name": "KABUPATEN BOLAANG MONGONDOW"
    },
    {
      "code": "7102",
      "name": "KABUPATEN MINAHASA"
    },
    {
      "code": "7103",
      "name": "KABUPATEN KEPULAUAN SANGIHE"
    },
    {
      "code": "7104",
      "name": "KABUPATEN KEPULAUAN TALAUD"
    },
    {
      "code": "7105",
      "name": "KABUPATEN MINAHASA SELATAN"
    },
    {
      "code": "7106",
      "name": "KABUPATEN MINAHASA UTARA"
    },
    {
      "code": "7107",
      "name": "KABUPATEN BOLAANG MONGONDOW UTARA"
    },
    {
      "code": "7108",
      "name": "KABUPATEN SIAU TAGULANDANG BIARO"
    },
    {
      "code": "7109",
      "name": "KABUPATEN MINAHASA TENGGARA"
    },
    {
      "code": "7110",
      "name": "KABUPATEN BOLAANG MONGONDOW SELATAN"
    },
    {
      "code": "7111",
      "name": "KABUPATEN BOLAANG MONGONDOW TIMUR"
    },
    {
      "code": "7171",
      "name": "KOTA MANADO"
    },
    {
      "code": "7172",
      "name": "KOTA BITUNG"
    },
    {
      "code": "7173",
      "name": "KOTA TOMOHON"
    },
    {
      "code": "7174",
      "name": "KOTA KOTAMOBAGU"
    },
    {
      "code": "7201",
      "name": "KABUPATEN BANGGAI KEPULAUAN"
    },
    {
      "code": "7202",
      "name": "KABUPATEN BANGGAI"
    },
    {
      "code": "7203",
      "name": "KABUPATEN MOROWALI"
    },
    {
      "code": "7204",
      "name": "KABUPATEN POSO"
    },
    {
      "code": "7205",
      "name": "KABUPATEN DONGGALA"
    },
    {
      "code": "7206",
      "name": "KABUPATEN TOLI-TOLI"
    },
    {
      "code": "7207",
      "name": "KABUPATEN BUOL"
    },
    {
      "code": "7208",
      "name": "KABUPATEN PARIGI MOUTONG"
    },
    {
      "code": "7209",
      "name": "KABUPATEN TOJO UNA-UNA"
    },
    {
      "code": "7210",
      "name": "KABUPATEN SIGI"
    },
    {
      "code": "7211",
      "name": "KABUPATEN BANGGAI LAUT"
    },
    {
      "code": "7212",
      "name": "KABUPATEN MOROWALI UTARA"
    },
    {
      "code": "7271",
      "name": "KOTA PALU"
    },
    {
      "code": "7301",
      "name": "KABUPATEN KEPULAUAN SELAYAR"
    },
    {
      "code": "7302",
      "name": "KABUPATEN BULUKUMBA"
    },
    {
      "code": "7303",
      "name": "KABUPATEN BANTAENG"
    },
    {
      "code": "7304",
      "name": "KABUPATEN JENEPONTO"
    },
    {
      "code": "7305",
      "name": "KABUPATEN TAKALAR"
    },
    {
      "code": "7306",
      "name": "KABUPATEN GOWA"
    },
    {
      "code": "7307",
      "name": "KABUPATEN SINJAI"
    },
    {
      "code": "7308",
      "name": "KABUPATEN MAROS"
    },
    {
      "code": "7309",
      "name": "KABUPATEN PANGKAJENE DAN KEPULAUAN"
    },
    {
      "code": "7310",
      "name": "KABUPATEN BARRU"
    },
    {
      "code": "7311",
      "name": "KABUPATEN BONE"
    },
    {
      "code": "7312",
      "name": "KABUPATEN SOPPENG"
    },
    {
      "code": "7313",
      "name": "KABUPATEN WAJO"
    },
    {
      "code": "7314",
      "name": "KABUPATEN SIDENRENG RAPPANG"
    },
    {
      "code": "7315",
      "name": "KABUPATEN PINRANG"
    },
    {
      "code": "7316",
      "name": "KABUPATEN ENREKANG"
    },
    {
      "code": "7317",
      "name": "KABUPATEN LUWU"
    },
    {
      "code": "7318",
      "name": "KABUPATEN TANA TORAJA"
    },
    {
      "code": "7322",
      "name": "KABUPATEN LUWU UTARA"
    },
    {
      "code": "7325",
      "name": "KABUPATEN LUWU TIMUR"
    },
    {
      "code": "7326",
      "name": "KABUPATEN TORAJA UTARA"
    },
    {
      "code": "7371",
      "name": "KOTA MAKASSAR"
    },
    {
      "code": "7372",
      "name": "KOTA PAREPARE"
    },
    {
      "code": "7373",
      "name": "KOTA PALOPO"
    },
    {
      "code": "7401",
      "name": "KABUPATEN BUTON"
    },
    {
      "code": "7402",
      "name": "KABUPATEN MUNA"
    },
    {
      "code": "7403",
      "name": "KABUPATEN KONAWE"
    },
    {
      "code": "7404",
      "name": "KABUPATEN KOLAKA"
    },
    {
      "code": "7405",
      "name": "KABUPATEN KONAWE SELATAN"
    },
    {
      "code": "7406",
      "name": "KABUPATEN BOMBANA"
    },
    {
      "code": "7407",
      "name": "KABUPATEN WAKATOBI"
    },
    {
      "code": "7408",
      "name": "KABUPATEN KOLAKA UTARA"
    },
    {
      "code": "7409",
      "name": "KABUPATEN BUTON UTARA"
    },
    {
      "code": "7410",
      "name": "KABUPATEN KONAWE UTARA"
    },
    {
      "code": "7411",
      "name": "KABUPATEN KOLAKA TIMUR"
    },
    {
      "code": "7412",
      "name": "KABUPATEN KONAWE KEPULAUAN"
    },
    {
      "code": "7413",
      "name": "KABUPATEN MUNA BARAT"
    },
    {
      "code": "7414",
      "name": "KABUPATEN BUTON TENGAH"
    },
    {
      "code": "7415",
      "name": "KABUPATEN BUTON SELATAN"
    },
    {
      "code": "7471",
      "name": "KOTA KENDARI"
    },
    {
      "code": "7472",
      "name": "KOTA BAUBAU"
    },
    {
      "code": "7501",
      "name": "KABUPATEN BOALEMO"
    },
    {
      "code": "7502",
      "name": "KABUPATEN GORONTALO"
    },
    {
      "code": "7503",
      "name": "KABUPATEN POHUWATO"
    },
    {
      "code": "7504",
      "name": "KABUPATEN BONE BOLANGO"
    },
    {
      "code": "7505",
      "name": "KABUPATEN GORONTALO UTARA"
    },
    {
      "code": "7571",
      "name": "KOTA GORONTALO"
    },
    {
      "code": "7601",
      "name": "KABUPATEN MAJENE"
    },
    {
      "code": "7602",
      "name": "KABUPATEN POLEWALI MANDAR"
    },
    {
      "code": "7603",
      "name": "KABUPATEN MAMASA"
    },
    {
      "code": "7604",
      "name": "KABUPATEN MAMUJU"
    },
    {
      "code": "7605",
      "name": "KABUPATEN MAMUJU UTARA"
    },
    {
      "code": "7606",
      "name": "KABUPATEN MAMUJU TENGAH"
    },
    {
      "code": "8101",
      "name": "KABUPATEN MALUKU TENGGARA BARAT"
    },
    {
      "code": "8102",
      "name": "KABUPATEN MALUKU TENGGARA"
    },
    {
      "code": "8103",
      "name": "KABUPATEN MALUKU TENGAH"
    },
    {
      "code": "8104",
      "name": "KABUPATEN BURU"
    },
    {
      "code": "8105",
      "name": "KABUPATEN KEPULAUAN ARU"
    },
    {
      "code": "8106",
      "name": "KABUPATEN SERAM BAGIAN BARAT"
    },
    {
      "code": "8107",
      "name": "KABUPATEN SERAM BAGIAN TIMUR"
    },
    {
      "code": "8108",
      "name": "KABUPATEN MALUKU BARAT DAYA"
    },
    {
      "code": "8109",
      "name": "KABUPATEN BURU SELATAN"
    },
    {
      "code": "8171",
      "name": "KOTA AMBON"
    },
    {
      "code": "8172",
      "name": "KOTA TUAL"
    },
    {
      "code": "8201",
      "name": "KABUPATEN HALMAHERA BARAT"
    },
    {
      "code": "8202",
      "name": "KABUPATEN HALMAHERA TENGAH"
    },
    {
      "code": "8203",
      "name": "KABUPATEN KEPULAUAN SULA"
    },
    {
      "code": "8204",
      "name": "KABUPATEN HALMAHERA SELATAN"
    },
    {
      "code": "8205",
      "name": "KABUPATEN HALMAHERA UTARA"
    },
    {
      "code": "8206",
      "name": "KABUPATEN HALMAHERA TIMUR"
    },
    {
      "code": "8207",
      "name": "KABUPATEN PULAU MOROTAI"
    },
    {
      "code": "8208",
      "name": "KABUPATEN PULAU TALIABU"
    },
    {
      "code": "8271",
      "name": "KOTA TERNATE"
    },
    {
      "code": "8272",
      "name": "KOTA TIDORE KEPULAUAN"
    },
    {
      "code": "9101",
      "name": "KABUPATEN FAKFAK"
    },
    {
      "code": "9102",
      "name": "KABUPATEN KAIMANA"
    },
    {
      "code": "9103",
      "name": "KABUPATEN TELUK WONDAMA"
    },
    {
      "code": "9104",
      "name": "KABUPATEN TELUK BINTUNI"
    },
    {
      "code": "9105",
      "name": "KABUPATEN MANOKWARI"
    },
    {
      "code": "9106",
      "name": "KABUPATEN SORONG SELATAN"
    },
    {
      "code": "9107",
      "name": "KABUPATEN SORONG"
    },
    {
      "code": "9108",
      "name": "KABUPATEN RAJA AMPAT"
    },
    {
      "code": "9109",
      "name": "KABUPATEN TAMBRAUW"
    },
    {
      "code": "9110",
      "name": "KABUPATEN MAYBRAT"
    },
    {
      "code": "9111",
      "name": "KABUPATEN MANOKWARI SELATAN"
    },
    {
      "code": "9112",
      "name": "KABUPATEN PEGUNUNGAN ARFAK"
    },
    {
      "code": "9171",
      "name": "KOTA SORONG"
    },
    {
      "code": "9401",
      "name": "KABUPATEN MERAUKE"
    },
    {
      "code": "9402",
      "name": "KABUPATEN JAYAWIJAYA"
    },
    {
      "code": "9403",
      "name": "KABUPATEN JAYAPURA"
    },
    {
      "code": "9404",
      "name": "KABUPATEN NABIRE"
    },
    {
      "code": "9408",
      "name": "KABUPATEN KEPULAUAN YAPEN"
    },
    {
      "code": "9409",
      "name": "KABUPATEN BIAK NUMFOR"
    },
    {
      "code": "9410",
      "name": "KABUPATEN PANIAI"
    },
    {
      "code": "9411",
      "name": "KABUPATEN PUNCAK JAYA"
    },
    {
      "code": "9412",
      "name": "KABUPATEN MIMIKA"
    },
    {
      "code": "9413",
      "name": "KABUPATEN BOVEN DIGOEL"
    },
    {
      "code": "9414",
      "name": "KABUPATEN MAPPI"
    },
    {
      "code": "9415",
      "name": "KABUPATEN ASMAT"
    },
    {
      "code": "9416",
      "name": "KABUPATEN YAHUKIMO"
    },
    {
      "code": "9417",
      "name": "KABUPATEN PEGUNUNGAN BINTANG"
    },
    {
      "code": "9418",
      "name": "KABUPATEN TOLIKARA"
    },
    {
      "code": "9419",
      "name": "KABUPATEN SARMI"
    },
    {
      "code": "9420",
      "name": "KABUPATEN KEEROM"
    },
    {
      "code": "9426",
      "name": "KABUPATEN WAROPEN"
    },
    {
      "code": "9427",
      "name": "KABUPATEN SUPIORI"
    },
    {
      "code": "9428",
      "name": "KABUPATEN MAMBERAMO RAYA"
    },
    {
      "code": "9429",
      "name": "KABUPATEN NDUGA"
    },
    {
      "code": "9430",
      "name": "KABUPATEN LANNY JAYA"
    },
    {
      "code": "9431",
      "name": "KABUPATEN MAMBERAMO TENGAH"
    },
    {
      "code": "9432",
      "name": "KABUPATEN YALIMO"
    },
    {
      "code": "9433",
      "name": "KABUPATEN PUNCAK"
    },
    {
      "code": "9434",
      "name": "KABUPATEN DOGIYAI"
    },
    {
      "code": "9435",
      "name": "KABUPATEN INTAN JAYA"
    },
    {
      "code": "9436",
      "name": "KABUPATEN DEIYAI"
    },
    {
      "code": "9471",
      "name": "KOTA JAYAPURA"
    }
  ],
  "meta": {
    "administrative_area_level": 2,
    "updated_at": "2025-11-11"
  }
}
